{"count":1,"self":91.492582399999989,"total":91.970559999999992,"children":{"InitializeActuators":{"count":1,"self":0.000664,"total":0.000664,"children":null},"InitializeSensors":{"count":1,"self":0.0010199999999999999,"total":0.0010199999999999999,"children":null},"AgentSendState":{"count":4542,"self":0.015592,"total":0.042876,"children":{"CollectObservations":{"count":909,"self":0.018404999999999998,"total":0.018404999999999998,"children":null},"WriteActionMask":{"count":909,"self":0.0013939999999999998,"total":0.0013939999999999998,"children":null},"RequestDecision":{"count":909,"self":0.0074849999999999995,"total":0.0074849999999999995,"children":null}}},"DecideAction":{"count":4542,"self":0.40939699999999996,"total":0.40939699999999996,"children":null},"AgentAct":{"count":4542,"self":0.023809,"total":0.023809,"children":null}},"gauges":{"ArcadeDriver.CumulativeReward":{"count":7,"max":147.300262,"min":-5.906378,"runningAverage":18.5984821,"value":147.300262,"weightedAverage":35.54371}},"metadata":{"timer_format_version":"0.1.0","start_time_seconds":"1771796540","unity_version":"6000.1.13f1","command_line_arguments":"\/Applications\/Unity\/Hub\/Editor\/6000.1.13f1\/Unity.app\/Contents\/MacOS\/Unity -projectpath \/Users\/make100games\/Documents\/Games\/MyKartRacer -useHub -hubIPC -cloudEnvironment production -licensingIpc LicenseClient-make100games -hubSessionId 94b89a46-346e-4599-a35f-6656faabc10d -accessToken Y5RtGTTASoFAg7ZDMeSOx2vYhbOY-rxFUzBeVKWEjnA008f","communication_protocol_version":"1.5.0","com.unity.ml-agents_version":"2.0.1","scene_name":"MainScene","end_time_seconds":"1771796632"}}